Workbook

Sheet Sheet1
A1: ssssssssss | B1: Region | C1: Product | D1: Sales | E1: Target | F1: Orders | G1: Returns | H1: Achievement % | I1: Return Rate
A2: 46266 | B2: East | C2: Laptop | D2: 55000 | E2: 60000 | F2: 12 | G2: 1 | H2: =D2/E2 -> 0.91666667 | I2: =G2/F2 -> 0.083333333
A3: 46267 | B3: West | C3: Mobile | D3: 42000 | E3: 40000 | F3: 18 | G3: 2 | H3: =D3/E3 -> 1.05 | I3: =G3/F3 -> 0.11111111
A4: 46268 | B4: North | C4: Headphones | D4: 18000 | E4: 20000 | F4: 15 | G4: 1 | H4: =D4/E4 -> 0.9 | I4: =G4/F4 -> 0.066666667
A5: 46269 | B5: South | C5: Laptop | D5: 68000 | E5: 65000 | F5: 14 | G5: 0 | H5: =D5/E5 -> 1.0461538 | I5: =G5/F5 -> 0
A6: 46270 | B6: East | C6: Mobile | D6: 35000 | E6: 38000 | F6: 20 | G6: 3 | H6: =D6/E6 -> 0.92105263 | I6: =G6/F6 -> 0.15
A7: 46271 | B7: West | C7: Laptop | D7: 72000 | E7: 70000 | F7: 16 | G7: 1 | H7: =D7/E7 -> 1.0285714 | I7: =G7/F7 -> 0.0625
A8: 46272 | B8: North | C8: Mobile | D8: 46000 | E8: 45000 | F8: 21 | G8: 2 | H8: =D8/E8 -> 1.0222222 | I8: =G8/F8 -> 0.095238095
A9: 46273 | B9: South | C9: Headphones | D9: 22000 | E9: 20000 | F9: 17 | G9: 1 | H9: =D9/E9 -> 1.1 | I9: =G9/F9 -> 0.058823529
A10: 46274 | B10: East | C10: Laptop | D10: 61000 | E10: 60000 | F10: 13 | G10: 0 | H10: =D10/E10 -> 1.0166667 | I10: =G10/F10 -> 0
A11: 46275 | B11: West | C11: Mobile | D11: 39000 | E11: 42000 | F11: 19 | G11: 2 | H11: =D11/E11 -> 0.92857143 | I11: =G11/F11 -> 0.10526316
A12: 46276 | B12: North | C12: Laptop | D12: 58000 | E12: 55000 | F12: 11 | G12: 1 | H12: =D12/E12 -> 1.0545455 | I12: =G12/F12 -> 0.090909091
A13: 46277 | B13: South | C13: Mobile | D13: 48000 | E13: 45000 | F13: 22 | G13: 1 | H13: =D13/E13 -> 1.0666667 | I13: =G13/F13 -> 0.045454545
... A16: 46280 | B16: North | C16: Headphones | D16: 19000 | E16: 20000 | F16: 14 | G16: 2 | H16: =D16/E16 -> 0.95 | I16: =G16/F16 -> 0.14285714

Sheet MIS Dashboard
A1: SALES MIS DASHBOARD
A3: Total Sales | B3: =SUM(Sheet1!D2:D16) -> 679000
A4: Total Target | B4: =SUM(Sheet1!E2:E16) -> 669000
A5: Total Orders | B5: =SUM(Sheet1!F2:F16) -> 243
A6: Total Returns | B6: =SUM(Sheet1!G2:G16) -> 18
A7: Average Achievement % | B7: =AVERAGE(Sheet1!H2:H16) -> 1.0118539
